{"obj_type":1,"obj_id":1056973,"parent_id":438104,"title":"Group titles by genre","description":"","status":"active","params":[{"name":"currentFilmName","type":"string","descr":"","flags":[],"regex":"","regex_error_text":""},{"name":"filmNames","type":"array","descr":"list of film's names to group","flags":["required","input"],"regex":"","regex_error_text":""},{"name":"filmNamesCopy","type":"array","descr":"","flags":[],"regex":"","regex_error_text":""},{"name":"genreGroups","type":"object","descr":"Result of genre grouping ","flags":["required","output"],"regex":"","regex_error_text":""}],"ref_mask":false,"conv_type":"process","scheme":{"nodes":[{"id":"624afb79513aa04dd5351d12","obj_type":0,"condition":{"logics":[{"type":"api_code","err_node_id":"624afb79513aa04dd5351d15","lang":"js","src":"/ * jshint esnext: true * /\n\nlet genres = data.genreList.map((x) => x.key);\n\nfor (let i = 0; i < genres.length; i++){\n    if(data.genreGroups[genres[i]] === undefined){\n    \tdata.genreGroups[genres[i]] = 1;\n\t}\n\telse{\n    \tdata.genreGroups[genres[i]]++;\n\t}\n}"},{"type":"go","to_node_id":"6243466f513aa04dd5e697ef"}],"semaphors":[]},"title":"Group genre list","description":"","x":1568,"y":540,"uuid":"f6e30460-8740-459e-8cda-78ee55ecb02f","extra":"{\"modeForm\":\"expand\",\"icon\":\"\"}","options":null},{"id":"6243466f513aa04dd5e697ef","obj_type":0,"condition":{"logics":[{"to_node_id":"624348ea82ba965a7ce4f94a","type":"go_if_const","conditions":[{"param":"{{filmNamesCopy}}","const":"[]","fun":"not_eq","cast":"array"}]},{"type":"go","to_node_id":"624b04ec82ba965a7c3465f2"}],"semaphors":[]},"title":"check array length","description":"","x":600,"y":172,"uuid":"45b3c49b-3084-4ae5-a4cd-cf6f57069634","extra":"{\"modeForm\":\"expand\",\"icon\":\"\"}","options":null},{"id":"624a101f82ba965a7c2a4a2f","obj_type":0,"condition":{"logics":[{"type":"set_param","extra":{"filmNamesCopy":"{{filmNames}}","genreGroups":"{}","currentFilmName":"\"\""},"extra_type":{"filmNamesCopy":"array","genreGroups":"object","currentFilmName":"string"},"err_node_id":"624a101f82ba965a7c2a4a30"},{"type":"go","to_node_id":"6243466f513aa04dd5e697ef"}],"semaphors":[]},"title":"Set required variables","description":"","x":596,"y":-16,"uuid":"8d3d43f8-28d5-43fd-8194-61c1d918e0cd","extra":"{\"modeForm\":\"expand\",\"icon\":\"\"}","options":null},{"id":"624afa8582ba965a7c33dc8c","obj_type":3,"condition":{"logics":[{"type":"go_if_const","to_node_id":"624afa8582ba965a7c33dc8a","conditions":[{"fun":"eq","const":"crash_api","param":"__conveyor_copy_task_result__","cast":"string"}]},{"type":"go_if_const","to_node_id":"624afa8582ba965a7c33dc8a","conditions":[{"fun":"eq","const":"rpc_task_fatal_error","param":"__conveyor_rpc_return_type_tag__","cast":"string"}]},{"type":"go_if_const","to_node_id":"624afa8582ba965a7c33dc8b","conditions":[{"fun":"eq","const":"access_denied","param":"__conveyor_copy_task_result__","cast":"string"}]},{"type":"go_if_const","to_node_id":"624afa8582ba965a7c33dc8b","conditions":[{"fun":"eq","const":"rpc_reply_exception","param":"__conveyor_rpc_reply_return_type_tag__","cast":"string"}]},{"type":"go","to_node_id":"624afa8582ba965a7c33dc8b"}],"semaphors":[]},"title":"","description":"","x":1416,"y":180,"uuid":"d23a18a2-6355-4e45-909a-e22b8d4f76e1","extra":"{\"modeForm\":\"collapse\",\"icon\":\"\"}","options":null},{"id":"624b04ec82ba965a7c3465f4","obj_type":2,"condition":{"logics":[],"semaphors":[]},"title":"","description":"","x":1004,"y":508,"uuid":"1c4a93d6-126c-4a25-8abe-99e73446e6b2","extra":"{\"modeForm\":\"collapse\",\"icon\":\"error\"}","options":null},{"id":"624b04ec82ba965a7c3465f6","obj_type":3,"condition":{"logics":[{"type":"go_if_const","to_node_id":"624b04ec82ba965a7c3465f3","conditions":[{"fun":"eq","const":"hardware","param":"__conveyor_code_return_type_error__","cast":"string"}]},{"type":"go_if_const","to_node_id":"624b04ec82ba965a7c3465f4","conditions":[{"fun":"eq","const":"software","param":"__conveyor_code_return_type_error__","cast":"string"}]},{"type":"go","to_node_id":"624b04ec82ba965a7c3465f4"}],"semaphors":[]},"title":"","description":"","x":872,"y":480,"uuid":"30732e5c-dc0a-4b8c-b736-206c759b0ae9","extra":"{\"modeForm\":\"collapse\",\"icon\":\"\"}","options":null},{"id":"624b04ec82ba965a7c3465f2","obj_type":0,"condition":{"logics":[{"type":"api_code","err_node_id":"624b04ec82ba965a7c3465f6","lang":"js","src":"\ndelete data.currentFilmName;\ndelete data.filmNamesCopy;\ndelete data.genreList;\ndelete data.isSuccess;\n"},{"type":"go","to_node_id":"62431efc513aa04dd5e4c29a"}],"semaphors":[]},"title":"delete useless variables","description":"","x":600,"y":388,"uuid":"a49b552b-a35b-4b71-af38-961ab3ce0bb9","extra":"{\"modeForm\":\"expand\",\"icon\":\"\"}","options":null},{"id":"624afb79513aa04dd5351d15","obj_type":3,"condition":{"logics":[{"type":"go_if_const","to_node_id":"624afb79513aa04dd5351d13","conditions":[{"fun":"eq","const":"hardware","param":"__conveyor_code_return_type_error__","cast":"string"}]},{"type":"go_if_const","to_node_id":"624afb79513aa04dd5351d14","conditions":[{"fun":"eq","const":"software","param":"__conveyor_code_return_type_error__","cast":"string"}]},{"type":"go","to_node_id":"624afb79513aa04dd5351d14"}],"semaphors":[]},"title":"","description":"","x":1840,"y":628,"uuid":"9df707d4-094d-4224-9037-ecad43c162d1","extra":"{\"modeForm\":\"collapse\",\"icon\":\"\"}","options":null},{"id":"624afa8582ba965a7c33dc89","obj_type":0,"condition":{"logics":[{"type":"api_rpc","err_node_id":"624afa8582ba965a7c33dc8c","extra":{"filmName":"{{currentFilmName}}"},"extra_type":{"filmName":"string"},"group":"","conv_id":1058457,"obj_to_id":null,"convTitle":"ImdbApiGetGenresByName","user_id":82995},{"type":"go","to_node_id":"624afb79513aa04dd5351d12"}],"semaphors":[]},"title":"Get genre list","description":"","x":1260,"y":324,"uuid":"c0daeb94-846d-4481-8312-4708cc4b8e52","extra":"{\"modeForm\":\"expand\",\"icon\":\"\"}","options":null},{"id":"624b04ec82ba965a7c3465f3","obj_type":0,"condition":{"logics":[],"semaphors":[{"type":"time","value":30,"dimension":"sec","to_node_id":"624b04ec82ba965a7c3465f2"}]},"title":"","description":"","x":872,"y":388,"uuid":"44e3cead-ae4a-4274-b5d9-e9dc0316263f","extra":"{\"modeForm\":\"collapse\",\"icon\":\"\"}","options":null},{"id":"624afb79513aa04dd5351d13","obj_type":0,"condition":{"logics":[],"semaphors":[{"type":"time","value":30,"dimension":"sec","to_node_id":"624afb79513aa04dd5351d12"}]},"title":"","description":"","x":1840,"y":536,"uuid":"5792b9d5-0d4e-4ba3-8960-1b40a88b10c5","extra":"{\"modeForm\":\"collapse\",\"icon\":\"\"}","options":null},{"id":"624afb79513aa04dd5351d14","obj_type":2,"condition":{"logics":[],"semaphors":[]},"title":"","description":"","x":1984,"y":656,"uuid":"bc263980-806f-4d29-8a0e-51c86a55cf44","extra":"{\"modeForm\":\"collapse\",\"icon\":\"error\"}","options":null},{"id":"624afa8582ba965a7c33dc8a","obj_type":0,"condition":{"logics":[],"semaphors":[{"type":"time","value":30,"dimension":"sec","to_node_id":"624afa8582ba965a7c33dc89"}]},"title":"","description":"","x":1328,"y":180,"uuid":"ee7a3b44-0083-4003-b56b-6d15c86b9181","extra":"{\"modeForm\":\"collapse\",\"icon\":\"\"}","options":null},{"id":"624afa8582ba965a7c33dc8b","obj_type":2,"condition":{"logics":[],"semaphors":[]},"title":"","description":"","x":1444,"y":96,"uuid":"0798788d-33c9-4b25-9a38-5037e3bb0c36","extra":"{\"modeForm\":\"collapse\",\"icon\":\"error\"}","options":null},{"id":"624348ea82ba965a7ce4f94b","obj_type":0,"condition":{"logics":[],"semaphors":[{"type":"time","value":30,"dimension":"sec","to_node_id":"624348ea82ba965a7ce4f94a"}]},"title":"","description":"","x":1024,"y":32,"uuid":"089f535a-7925-485b-97ea-a84e4ae91202","extra":"{\"modeForm\":\"collapse\",\"icon\":\"\"}","options":null},{"id":"624348ea82ba965a7ce4f94a","obj_type":0,"condition":{"logics":[{"type":"api_code","err_node_id":"624348ea82ba965a7ce4f94d","lang":"js","src":"\n\ndata.currentFilmName = data.filmNamesCopy.shift();"},{"type":"go","to_node_id":"624afa8582ba965a7c33dc89"}],"semaphors":[]},"title":"Take first element","description":"","x":952,"y":180,"uuid":"710db0f2-19d8-42d5-b43d-de1ebb2a2b1d","extra":"{\"modeForm\":\"expand\",\"icon\":\"\"}","options":null},{"id":"624348ea82ba965a7ce4f94d","obj_type":3,"condition":{"logics":[{"type":"go_if_const","to_node_id":"624348ea82ba965a7ce4f94b","conditions":[{"fun":"eq","const":"hardware","param":"__conveyor_code_return_type_error__","cast":"string"}]},{"type":"go_if_const","to_node_id":"624348ea82ba965a7ce4f94c","conditions":[{"fun":"eq","const":"software","param":"__conveyor_code_return_type_error__","cast":"string"}]},{"type":"go","to_node_id":"624348ea82ba965a7ce4f94c"}],"semaphors":[]},"title":"","description":"","x":1108,"y":32,"uuid":"e131a45e-d27f-47c3-b51a-043c3c030c10","extra":"{\"modeForm\":\"collapse\",\"icon\":\"\"}","options":null},{"id":"624348ea82ba965a7ce4f94c","obj_type":2,"condition":{"logics":[],"semaphors":[]},"title":"","description":"","x":1136,"y":-32,"uuid":"5a273251-c86d-4a0d-9140-86b24360339e","extra":"{\"modeForm\":\"collapse\",\"icon\":\"error\"}","options":null},{"id":"624a101f82ba965a7c2a4a30","obj_type":2,"condition":{"logics":[],"semaphors":[]},"title":"","description":"","x":864,"y":56,"uuid":"fdacf510-abfe-4d2c-8726-3fa8ffcc28e1","extra":"{\"modeForm\":\"collapse\",\"icon\":\"error\"}","options":null},{"id":"62431efc513aa04dd5e4c29a","obj_type":2,"condition":{"logics":[],"semaphors":[]},"title":"Final","description":"","x":700,"y":648,"uuid":"ff484d52-53a6-4bde-9ca9-b94253285cc1","extra":"{\"modeForm\":\"collapse\",\"icon\":\"success\"}","options":"{\"save_task\":true}"},{"id":"62431e97513aa04dd5e4be4f","obj_type":1,"condition":{"logics":[{"type":"go","to_node_id":"624a101f82ba965a7c2a4a2f"}],"semaphors":[]},"title":"Start","description":"","x":696,"y":-88,"uuid":"b60a86f4-66b7-4703-ba28-ddcb1b5929f1","extra":"{\"modeForm\":\"collapse\",\"icon\":\"\"}","options":null}],"web_settings":[[],[]]},"uuid":"57ca80df-5e96-4a63-b3ca-890df4abf34f"}