{"obj_type":1,"obj_id":1058457,"parent_id":438104,"title":"ImdbApiGetGenresByName","description":"","status":"active","params":[{"name":"filmName","type":"string","descr":"","flags":["required","input"],"regex":"","regex_error_text":""},{"name":"genreList","type":"array","descr":"","flags":["output"],"regex":"","regex_error_text":""}],"ref_mask":false,"conv_type":"process","scheme":{"nodes":[{"id":"624ab61d82ba965a7c301be8","obj_type":2,"condition":{"logics":[],"semaphors":[]},"title":"Final","description":"","x":320,"y":320,"uuid":"b6b802ff-1d34-4c52-ae0e-ed339b40df8b","extra":"{\"modeForm\":\"collapse\",\"icon\":\"success\"}","options":"{\"save_task\":true}"},{"id":"624ab61d82ba965a7c301be7","obj_type":1,"condition":{"logics":[{"type":"go","to_node_id":"624ad79182ba965a7c31fc9c"}],"semaphors":[]},"title":"Start","description":"","x":820,"y":-272,"uuid":"3c7c45d3-bbb2-494b-aabb-e518efbdcf50","extra":"{\"modeForm\":\"collapse\",\"icon\":\"\"}","options":null},{"id":"624ae7b482ba965a7c32dfcc","obj_type":2,"condition":{"logics":[],"semaphors":[]},"title":"Final","description":"","x":820,"y":908,"uuid":"df6d101f-45c4-4479-b11c-12c40e3828ef","extra":"{\"modeForm\":\"collapse\",\"icon\":\"success\"}","options":null},{"id":"624ad79182ba965a7c31fc9c","obj_type":0,"condition":{"logics":[{"type":"api","err_node_id":"624ad79182ba965a7c31fc9f","format":"","method":"GET","url":"https://imdb-api.com/en/API/Search/k_7f268uql/{{filmName}}","extra":{},"extra_type":{},"max_threads":5,"debug_info":false,"customize_response":false,"response":{"header":"{{header}}","body":"{{body}}"},"response_type":{"header":"object","body":"object"},"extra_headers":{},"send_sys":true,"cert_pem":"","content_type":"application/json","rfc_format":true,"is_migrate":true},{"type":"go","to_node_id":"624ae88d82ba965a7c32ec97"}],"semaphors":[]},"title":"","description":"","x":720,"y":-160,"uuid":"db050d79-c784-4f96-9343-5a4802ca008d","extra":"{\"modeForm\":\"expand\",\"icon\":\"\"}","options":null},{"id":"624ad949513aa04dd5334937","obj_type":0,"condition":{"logics":[{"to_node_id":"624af78d513aa04dd534e942","type":"go_if_const","conditions":[{"param":"{{titleId}}","const":"","fun":"eq","cast":"string"}]},{"type":"go","to_node_id":"624aef0d82ba965a7c334a11"}],"semaphors":[]},"title":"","description":"","x":724,"y":248,"uuid":"6f851012-72d7-414c-8503-f5b6e4bd7077","extra":"{\"modeForm\":\"expand\",\"icon\":\"\"}","options":null},{"id":"624ae88d82ba965a7c32ec98","obj_type":0,"condition":{"logics":[],"semaphors":[{"type":"time","value":30,"dimension":"sec","to_node_id":"624ae88d82ba965a7c32ec97"}]},"title":"","description":"","x":1164,"y":8,"uuid":"91257f70-7dbd-4966-9dd8-774562ac5055","extra":"{\"modeForm\":\"collapse\",\"icon\":\"\"}","options":null},{"id":"624aef0d82ba965a7c334a13","obj_type":2,"condition":{"logics":[],"semaphors":[]},"title":"","description":"","x":1648,"y":620,"uuid":"5f4d0af1-ce94-4ec0-97d7-c1992d5ab9ab","extra":"{\"modeForm\":\"collapse\",\"icon\":\"error\"}","options":null},{"id":"624aef0d82ba965a7c334a12","obj_type":0,"condition":{"logics":[],"semaphors":[{"type":"time","value":30,"dimension":"sec","to_node_id":"624aef0d82ba965a7c334a11"}]},"title":"","description":"","x":1176,"y":500,"uuid":"39dea52e-c9a5-4af4-9c86-794e93e09aa1","extra":"{\"modeForm\":\"collapse\",\"icon\":\"\"}","options":null},{"id":"624ae88d82ba965a7c32ec97","obj_type":0,"condition":{"logics":[{"type":"api_code","err_node_id":"624af8d582ba965a7c33c72b","lang":"js","src":"if(data.results.length > 0){\n  data.titleId = data.results[0].id; \n}\nelse{\n    data.titleId = \"\";\n}\n\ndelete data.searchType;\ndelete data.expression;\ndelete data.results;\ndelete data.errorMessage;"},{"type":"go","to_node_id":"624ad949513aa04dd5334937"}],"semaphors":[]},"title":"","description":"","x":724,"y":56,"uuid":"def0a9bf-8ecd-4490-b6b0-a3236fdb962e","extra":"{\"modeForm\":\"expand\",\"icon\":\"\"}","options":null},{"id":"624ad79182ba965a7c31fc9d","obj_type":0,"condition":{"logics":[],"semaphors":[{"type":"time","value":30,"dimension":"sec","to_node_id":"624ad79182ba965a7c31fc9c"}]},"title":"","description":"","x":1172,"y":-232,"uuid":"b691e325-31cf-497b-960b-3675c6a616c4","extra":"{\"modeForm\":\"collapse\",\"icon\":\"\"}","options":null},{"id":"624aef0d82ba965a7c334a11","obj_type":0,"condition":{"logics":[{"type":"api","err_node_id":"624aef0d82ba965a7c334a14","format":"","method":"GET","url":"https://imdb-api.com/en/API/Title/k_7f268uql/{{titleId}}","extra":{},"extra_type":{},"max_threads":5,"debug_info":false,"customize_response":false,"response":{"header":"{{header}}","body":"{{body}}"},"response_type":{"header":"object","body":"object"},"extra_headers":{},"send_sys":true,"cert_pem":"","content_type":"application/json","rfc_format":true,"is_migrate":true},{"type":"go","to_node_id":"624afa0982ba965a7c33d570"}],"semaphors":[]},"title":"","description":"","x":724,"y":528,"uuid":"555a60e7-e85a-4b68-b292-97bfeacdd5df","extra":"{\"modeForm\":\"expand\",\"icon\":\"\"}","options":null},{"id":"624af5c1513aa04dd534d3fe","obj_type":0,"condition":{"logics":[{"type":"api_rpc_reply","res_data":{"genreList":"[]","isSuccess":"false"},"res_data_type":{"genreList":"array","isSuccess":"boolean"},"mode":"key_value","throw_exception":true,"exception_reason":"failed to update task sctructure by JS"},{"type":"go","to_node_id":"624af65f513aa04dd534da86"}],"semaphors":[]},"title":"","description":"","x":1388,"y":104,"uuid":"954be53e-d93c-466a-bb9c-9390b3e5760f","extra":"{\"modeForm\":\"expand\",\"icon\":\"\"}","options":null},{"id":"624af65282ba965a7c33a4b2","obj_type":2,"condition":{"logics":[],"semaphors":[]},"title":"Final","description":"","x":1740,"y":-108,"uuid":"0a505384-43af-41f0-8640-c2c7defe337b","extra":"{\"modeForm\":\"collapse\",\"icon\":\"error\"}","options":null},{"id":"624af65f513aa04dd534da86","obj_type":2,"condition":{"logics":[],"semaphors":[]},"title":"Final","description":"","x":1768,"y":132,"uuid":"219acd2c-b667-476f-b489-da7595689b6e","extra":"{\"modeForm\":\"collapse\",\"icon\":\"error\"}","options":null},{"id":"624af78d513aa04dd534e942","obj_type":0,"condition":{"logics":[{"type":"api_rpc_reply","res_data":{"genreList":"","isSuccess":"true"},"res_data_type":{"genreList":"array","isSuccess":"boolean"},"mode":"key_value","throw_exception":false},{"type":"go","to_node_id":"624ab61d82ba965a7c301be8"}],"semaphors":[]},"title":"","description":"","x":436,"y":292,"uuid":"18b09dda-f954-4737-958b-44ef1ab78511","extra":"{\"modeForm\":\"expand\",\"icon\":\"\"}","options":null},{"id":"624af8d582ba965a7c33c72b","obj_type":3,"condition":{"logics":[{"type":"go_if_const","to_node_id":"624ae88d82ba965a7c32ec98","conditions":[{"fun":"eq","const":"hardware","param":"__conveyor_code_return_type_error__","cast":"string"}]},{"type":"go_if_const","to_node_id":"624af5c1513aa04dd534d3fe","conditions":[{"fun":"eq","const":"software","param":"__conveyor_code_return_type_error__","cast":"string"}]},{"type":"go","to_node_id":"624af5c1513aa04dd534d3fe"}],"semaphors":[]},"title":"","description":"","x":1168,"y":120,"uuid":"9f1987e1-87b2-4a73-aea9-9bbb056c047f","extra":"{\"modeForm\":\"collapse\",\"icon\":\"\"}","options":null},{"id":"624ad79182ba965a7c31fc9f","obj_type":3,"condition":{"logics":[{"type":"go_if_const","to_node_id":"624ad79182ba965a7c31fc9d","conditions":[{"fun":"eq","const":"hardware","param":"__conveyor_api_return_type_error__","cast":"string"}]},{"type":"go_if_const","to_node_id":"624af61682ba965a7c33a237","conditions":[{"fun":"eq","const":"software","param":"__conveyor_api_return_type_error__","cast":"string"},{"fun":"eq","const":"api_bad_answer","param":"__conveyor_api_return_type_tag__","cast":"string"},{"fun":"eq","const":"no_scheme","param":"__conveyor_api_return_description__","cast":"string"}]},{"type":"go_if_const","to_node_id":"624ad79182ba965a7c31fc9d","conditions":[{"fun":"eq","const":"software","param":"__conveyor_api_return_type_error__","cast":"string"},{"fun":"eq","const":"api_bad_answer","param":"__conveyor_api_return_type_tag__","cast":"string"}]},{"type":"go","to_node_id":"624af61682ba965a7c33a237"}],"semaphors":[]},"title":"","description":"","x":1172,"y":-136,"uuid":"7f82e04a-7bd1-4c76-ad31-208a39337a78","extra":"{\"modeForm\":\"collapse\",\"icon\":\"\"}","options":null},{"id":"624aef0d82ba965a7c334a14","obj_type":3,"condition":{"logics":[{"type":"go_if_const","to_node_id":"624aef0d82ba965a7c334a12","conditions":[{"fun":"eq","const":"hardware","param":"__conveyor_api_return_type_error__","cast":"string"}]},{"type":"go_if_const","to_node_id":"624af7b582ba965a7c33b85f","conditions":[{"fun":"eq","const":"software","param":"__conveyor_api_return_type_error__","cast":"string"},{"fun":"eq","const":"api_bad_answer","param":"__conveyor_api_return_type_tag__","cast":"string"},{"fun":"eq","const":"no_scheme","param":"__conveyor_api_return_description__","cast":"string"}]},{"type":"go_if_const","to_node_id":"624aef0d82ba965a7c334a12","conditions":[{"fun":"eq","const":"software","param":"__conveyor_api_return_type_error__","cast":"string"},{"fun":"eq","const":"api_bad_answer","param":"__conveyor_api_return_type_tag__","cast":"string"}]},{"type":"go","to_node_id":"624af7b582ba965a7c33b85f"}],"semaphors":[]},"title":"","description":"","x":1176,"y":612,"uuid":"6ef09e4f-f501-4fd6-aea1-7a362bc92aa1","extra":"{\"modeForm\":\"collapse\",\"icon\":\"\"}","options":null},{"id":"624afa0982ba965a7c33d570","obj_type":0,"condition":{"logics":[{"type":"api_rpc_reply","res_data":{"genreList":"{{genreList}}","isSuccess":"true"},"res_data_type":{"genreList":"array","isSuccess":"boolean"},"mode":"key_value","throw_exception":false},{"type":"go","to_node_id":"624ae7b482ba965a7c32dfcc"}],"semaphors":[]},"title":"","description":"","x":724,"y":716,"uuid":"0a2d57c4-817d-4419-ab5d-b7fd9feedf1e","extra":"{\"modeForm\":\"expand\",\"icon\":\"\"}","options":null},{"id":"624af61682ba965a7c33a237","obj_type":0,"condition":{"logics":[{"type":"api_rpc_reply","res_data":{"genreList":"[]","isSuccess":"false"},"res_data_type":{"genreList":"array","isSuccess":"boolean"},"mode":"key_value","throw_exception":true,"exception_reason":"error to get list of titles by name"},{"type":"go","to_node_id":"624af65282ba965a7c33a4b2"}],"semaphors":[]},"title":"","description":"","x":1392,"y":-136,"uuid":"9d2c5afc-01ce-4636-bd39-ea6af7da3c5a","extra":"{\"modeForm\":\"expand\",\"icon\":\"\"}","options":null},{"id":"624af7b582ba965a7c33b85f","obj_type":0,"condition":{"logics":[{"type":"api_rpc_reply","res_data":{"genreList":"[]","isSuccess":"false"},"res_data_type":{"genreList":"array","isSuccess":"boolean"},"mode":"key_value","throw_exception":true,"exception_reason":"error to get list of title by name {{filmName}}"},{"type":"go","to_node_id":"624aef0d82ba965a7c334a13"}],"semaphors":[]},"title":"","description":"","x":1328,"y":596,"uuid":"1c08e7b6-bdaa-4e14-909f-a454e40fa6ec","extra":"{\"modeForm\":\"expand\",\"icon\":\"\"}","options":null}],"web_settings":[[],[]]},"uuid":"869ee5f9-ce4a-487e-b89f-991f6fac92c8"}